Genotype,Heterotic_Group
1538,iodent
2369,stiff_stalk
29MIBZ2,iodent
2FACC,stiff_stalk
2FADB,stiff_stalk
2MA22,non_stiff_stalk
2MCDB,non_stiff_stalk
3316,unknown
3IJI1,iodent
4226,unknown
4F234BX4,tropical
4F-306 108,unknown
4F35BK,tropical
4N506,stiff_stalk
6F629,stiff_stalk
6M502,non_stiff_stalk
6M502A,non_stiff_stalk
764,stiff_stalk
78010,stiff_stalk
78551S,non_stiff_stalk
790,stiff_stalk
792,stiff_stalk
793,stiff_stalk
87916W,stiff_stalk
911,iodent
912,iodent
91IFC2,iodent
A,non_stiff_stalk
A208,non_stiff_stalk
A239,non_stiff_stalk
A258,non_stiff_stalk
A272,tropical
A305,unknown
A321,non_stiff_stalk
A322,unknown
A334,unknown
A340,mixed
A374,non_stiff_stalk
A385,non_stiff_stalk
A401,non_stiff_stalk
A427,unknown
A548,non_stiff_stalk
A556,non_stiff_stalk
A572,unknown
A619,non_stiff_stalk
A627,non_stiff_stalk
A632,stiff_stalk
A634,stiff_stalk
A635,stiff_stalk
A641,stiff_stalk
A648,non_stiff_stalk
A649,non_stiff_stalk
A659,non_stiff_stalk
A663,unknown
A672,stiff_stalk
A674,unknown
A679,stiff_stalk
A680,stiff_stalk
A682,non_stiff_stalk
A71,unknown
A73,non_stiff_stalk
A797NW,unknown
AQA3,stiff_stalk
AS6103,stiff_stalk
AUSTRCF 306238,non_stiff_stalk
B103,non_stiff_stalk
B104,stiff_stalk
B105,stiff_stalk
B107,mixed
B108,unknown
B109,stiff_stalk
B110,stiff_stalk
B111,stiff_stalk
B114,mixed
B115,unknown
B119,stiff_stalk
B120,non_stiff_stalk
B121,stiff_stalk
B14,stiff_stalk
B14A,stiff_stalk
B164,unknown
B18,
B2,non_stiff_stalk
B28,popcorn
B37,stiff_stalk
B46,unknown
B47,stiff_stalk
B57,unknown
B65,non_stiff_stalk
B66,non_stiff_stalk
B68,stiff_stalk
B70,non_stiff_stalk
B73,stiff_stalk
B75,unknown
B76,stiff_stalk
B77,unknown
B79,unknown
B84,stiff_stalk
B85,unknown
B87,unknown
B88,unknown
B91,non_stiff_stalk
B97,non_stiff_stalk
B98,unknown
BEI10,
BO9,unknown
C103,non_stiff_stalk
C123,non_stiff_stalk
CA4,sweet_corn
CG102,unknown
CH157,mixed
CH701-30,unknown
CH71110,unknown
CH7534,stiff_stalk
CH9,unknown
CI 40H,unknown
CM105,stiff_stalk
CO257,stiff_stalk
CO258,stiff_stalk
CQ702RC,non_stiff_stalk
CR14,stiff_stalk
CR1HT,non_stiff_stalk
CR22,unknown
CS405,mixed
DE2,iodent
DE3,non_stiff_stalk
DE4,mixed
DE811,stiff_stalk
DJ7,stiff_stalk
DK3IIH6,iodent
DK4676A,unknown
DK78002A,stiff_stalk
DK78010,stiff_stalk
DK78371A,non_stiff_stalk
DKFAPW,stiff_stalk
DKFBHJ,stiff_stalk
DKIB014,iodent
DKMBNA,non_stiff_stalk
DKPB80,stiff_stalk
E8501,non_stiff_stalk
EAST028,mixed
ENG-LI CHIH,unknown
F118,stiff_stalk
F2834T,tropical
FBLA,stiff_stalk
FC46,flint
FR19,mixed
G80,unknown
H105W,stiff_stalk
H110,unknown
H113,mixed
H114,stiff_stalk
H121,unknown
H122W,stiff_stalk
H42,unknown
H5,non_stiff_stalk
H71,non_stiff_stalk
H84,stiff_stalk
H91,stiff_stalk
H95,non_stiff_stalk
H96,unknown
H99,unknown
HP301,popcorn
HUANYAO,tropical
HUOBAI,tropical
HY,non_stiff_stalk
I29,popcorn
IA2132,sweet_corn
IA453,sweet_corn
IBB14,iodent
IBB15,iodent
IBC2,non_stiff_stalk
ICI 193,mixed
ICI 441,stiff_stalk
ICI581,non_stiff_stalk
ICI 740,stiff_stalk
ICI 893,stiff_stalk
ICI 986,iodent
IDS28,popcorn
IDS69,popcorn
IDS91,popcorn
IL778D,sweet_corn
INB101LFY,
INBRED 109,tropical
INBRED 141,unknown
INBRED 2687,tropical
INBRED 305,unknown
INBRED 309,unknown
INBRED 321,tropical
J47,unknown
J8606,mixed
K150,unknown
K41,unknown
K47,popcorn
K55,unknown
KUNG-70,unknown
L 127,iodent
L 135,iodent
L 139,non_stiff_stalk
L 155,iodent
L 289,unknown
LH1,stiff_stalk
LH119,stiff_stalk
LH127,non_stiff_stalk
LH128,non_stiff_stalk
LH132,stiff_stalk
LH143 (MAINTAINER),stiff_stalk
LH145,stiff_stalk
LH146HT,stiff_stalk
LH149,stiff_stalk
LH165,non_stiff_stalk
LH166,non_stiff_stalk
LH172,mixed
LH181,non_stiff_stalk
LH184,mixed
LH185,non_stiff_stalk
LH190,stiff_stalk
LH191,mixed
LH192,stiff_stalk
LH193,stiff_stalk
LH194,stiff_stalk
LH195,stiff_stalk
LH197,stiff_stalk
LH198,stiff_stalk
LH199,stiff_stalk
LH202,stiff_stalk
LH204,stiff_stalk
LH205,stiff_stalk
LH206,stiff_stalk
LH208,stiff_stalk
LH209,stiff_stalk
LH211,non_stiff_stalk
LH213,non_stiff_stalk
LH214,non_stiff_stalk
LH215,non_stiff_stalk
LH216,non_stiff_stalk
LH222,stiff_stalk
LH223,stiff_stalk
LH224,stiff_stalk
LH227,stiff_stalk
LH295,non_stiff_stalk
LH38,non_stiff_stalk
LH54,non_stiff_stalk
LH57,non_stiff_stalk
LH59,non_stiff_stalk
LH60,non_stiff_stalk
LH61,non_stiff_stalk
LH65,non_stiff_stalk
LH74,stiff_stalk
LH82,unknown
LH93,unknown
LIBC 4,iodent
LP1 NR HT,stiff_stalk
LP215D,non_stiff_stalk
LP5,stiff_stalk
M14,unknown
MBPM,mixed
MBST,non_stiff_stalk
MBWZ,iodent
MEF156552,mixed
ML606,non_stiff_stalk
MM501D,non_stiff_stalk
MO17,non_stiff_stalk
MO1W,non_stiff_stalk
MO46,unknown
MO47,unknown
MO5,mixed
MQ305,iodent
MS116,unknown
MS132,mixed
MS1334,mixed
MS153,mixed
MS200,unknown
MS211,non_stiff_stalk
MS221,stiff_stalk
MS224,unknown
MS225,unknown
MS226,unknown
MS24A,unknown
MS67,mixed
MS71,non_stiff_stalk
MS72,unknown
N192,stiff_stalk
N193,non_stiff_stalk
N197,non_stiff_stalk
N200,non_stiff_stalk
N201,stiff_stalk
N209,stiff_stalk
N211,mixed
N215,mixed
N217,stiff_stalk
N218,stiff_stalk
N28,stiff_stalk
N28HT,stiff_stalk
N501,stiff_stalk
N523,stiff_stalk
N527,stiff_stalk
N534,mixed
N542,stiff_stalk
N6,non_stiff_stalk
N7A,stiff_stalk
NC250,stiff_stalk
NC262,popcorn
NC290A,popcorn
NC294,stiff_stalk
NC310,stiff_stalk
NC326,stiff_stalk
NC328,stiff_stalk
NC342,non_stiff_stalk
NC368,stiff_stalk
NC412,tropical
ND247,non_stiff_stalk
ND259,mixed
ND265,non_stiff_stalk
NK740,non_stiff_stalk
NK778,non_stiff_stalk
NK807,stiff_stalk
NKS8326,non_stiff_stalk
NORTH7,unknown
NQ508,iodent
NS501,mixed
NS701,stiff_stalk
NY159,
NY 166 (NEVEH YAAR),
NY6371,tropical
NY821,unknown
OC19,unknown
OH33,unknown
OH40B,non_stiff_stalk
OH43,non_stiff_stalk
OH7,non_stiff_stalk
OQ403,iodent
OQ603,iodent
OS420,non_stiff_stalk
OS426,mixed
OS602,iodent
PA392,unknown
PA405,mixed
PA762,non_stiff_stalk
PA778,non_stiff_stalk
PA875,unknown
PA880,unknown
PA91,non_stiff_stalk
PH207,iodent
PHB09,stiff_stalk
PHB47,stiff_stalk
PHBA6,non_stiff_stalk
PHBB3,stiff_stalk
PHBW8,stiff_stalk
PHEG9,stiff_stalk
PHG29,iodent
PHG35,mixed
PHG47,non_stiff_stalk
PHG50,iodent
PHG71,stiff_stalk
PHG72,iodent
PHG80,stiff_stalk
PHG83,iodent
PHG86,stiff_stalk
PHGW7,iodent
PHH93,iodent
PHHH9,mixed
PHHV4,unknown
PHJ33,iodent
PHJ70,mixed
PHJ89,non_stiff_stalk
PHJ90,iodent
PHJR5,stiff_stalk
PHK29,stiff_stalk
PHK35,stiff_stalk
PHK42,iodent
PHK56,non_stiff_stalk
PHK74,iodent
PHK76,non_stiff_stalk
PHK93,non_stiff_stalk
PHKE6,iodent
PHM10,iodent
PHN11,iodent
PHN29,mixed
PHN34,non_stiff_stalk
PHN46,non_stiff_stalk
PHN66,stiff_stalk
PHN82,iodent
PHP02,iodent
PHP55,iodent
PHP76,iodent
PHP85,stiff_stalk
PHPR5,stiff_stalk
PHR03,mixed
PHR30,unknown
PHR31,iodent
PHR36,iodent
PHR47,mixed
PHR55,non_stiff_stalk
PHR58,non_stiff_stalk
PHR62,iodent
PHR63,iodent
PHT10,stiff_stalk
PHT22,iodent
PHT47,stiff_stalk
PHT55,stiff_stalk
PHT69,stiff_stalk
PHTM9,non_stiff_stalk
PHV37,stiff_stalk
PHV57,iodent
PHV63,stiff_stalk
PHV78,mixed
PHVA9,stiff_stalk
PHVJ4,iodent
PHW03,mixed
PHW17,stiff_stalk
PHW20,mixed
PHW30,mixed
PHW43,non_stiff_stalk
PHW52,stiff_stalk
PHW53,iodent
PHW65,non_stiff_stalk
PHW79,mixed
PHW80,non_stiff_stalk
PHW86,iodent
PHWG5,non_stiff_stalk
PHZ51,non_stiff_stalk
Q381,non_stiff_stalk
R113,mixed
R168,non_stiff_stalk
R177,unknown
R181B,mixed
R226,mixed
R227,stiff_stalk
R229,stiff_stalk
R71,non_stiff_stalk
R78,unknown
S8326,non_stiff_stalk
SD101,stiff_stalk
SD102,iodent
SD107,stiff_stalk
SD40,mixed
SD44,mixed
SEAGULL SEVENTEEN,non_stiff_stalk
SG 30A,popcorn
T242,sweet_corn
TR,stiff_stalk
TZU-CHIAO-HSI-WU 105,unknown
VA102,non_stiff_stalk
VA17,non_stiff_stalk
VA22,non_stiff_stalk
VA26,non_stiff_stalk
VA35,non_stiff_stalk
VA52,mixed
VA59,non_stiff_stalk
VA99,non_stiff_stalk
VAW6,unknown
W117HT,non_stiff_stalk
W153R,non_stiff_stalk
W182E,non_stiff_stalk
W22,non_stiff_stalk
W23,non_stiff_stalk
W24,unknown
W32,non_stiff_stalk
W37A,non_stiff_stalk
W552,mixed
W602S,mixed
W603S,non_stiff_stalk
W604S,non_stiff_stalk
W605S,non_stiff_stalk
W606S,non_stiff_stalk
W607S,non_stiff_stalk
W610S,mixed
W611S,non_stiff_stalk
W612S,non_stiff_stalk
W613S,non_stiff_stalk
W614S,non_stiff_stalk
W64A,non_stiff_stalk
W701BC,non_stiff_stalk
W803G,mixed
W809G,stiff_stalk
W810G,non_stiff_stalk
W811G,stiff_stalk
W812G,stiff_stalk
W813G,stiff_stalk
W814G,mixed
W815G,mixed
W817G,non_stiff_stalk
W819G,stiff_stalk
W820G,stiff_stalk
W821G,non_stiff_stalk
W8304,stiff_stalk
W9,non_stiff_stalk
WF9,non_stiff_stalk
WIL900,non_stiff_stalk
WIL901,non_stiff_stalk
WIL903,non_stiff_stalk
WR3,mixed
WU-TAN-TZAO,unknown
WXB6,unknown
YE4,tropical
YING55,unknown
YONG28,unknown
YU796NS,unknown
ZS365,stiff_stalk
ZS635,stiff_stalk